neighborhood,group_name,type,website,contact_email,description
Alamo Square,Alamo Square Neighborhood Association,Association,https://example.org/alamosquare-neighborhood,info@alamosquarecommunity.org,"A citizen-led community organization dedicated to neighborhood connection, public safety, street greening, and local advocacy in Alamo Square."
Alamo Square,Friends of Alamo Square,Community Group,https://example.org/friends-of-alamosquare,hello@friendsofalamosquare.org,"Volunteers organizing seasonal block meetups, neighborhood cleanups, and community mutual aid across Alamo Square."
Anza Vista,Anza Vista Neighborhood Association,Association,https://example.org/anzavista-neighborhood,info@anzavistacommunity.org,"A citizen-led community organization dedicated to neighborhood connection, public safety, street greening, and local advocacy in Anza Vista."
Anza Vista,Friends of Anza Vista,Community Group,https://example.org/friends-of-anzavista,hello@friendsofanzavista.org,"Volunteers organizing seasonal block meetups, neighborhood cleanups, and community mutual aid across Anza Vista."
Apparel City,Apparel City Neighborhood Association,Association,https://example.org/apparelcity-neighborhood,info@apparelcitycommunity.org,"A citizen-led community organization dedicated to neighborhood connection, public safety, street greening, and local advocacy in Apparel City."
Apparel City,Friends of Apparel City,Community Group,https://example.org/friends-of-apparelcity,hello@friendsofapparelcity.org,"Volunteers organizing seasonal block meetups, neighborhood cleanups, and community mutual aid across Apparel City."
Aquatic Park / Ft. Mason,Aquatic Park / Ft. Mason Neighborhood Association,Association,https://example.org/aquaticparkftmason-neighborhood,info@aquaticparkftmasoncommunity.org,"A citizen-led community organization dedicated to neighborhood connection, public safety, street greening, and local advocacy in Aquatic Park / Ft. Mason."
Aquatic Park / Ft. Mason,Friends of Aquatic Park / Ft. Mason,Community Group,https://example.org/friends-of-aquaticparkftmason,hello@friendsofaquaticparkftmason.org,"Volunteers organizing seasonal block meetups, neighborhood cleanups, and community mutual aid across Aquatic Park / Ft. Mason."
Ashbury Heights,Ashbury Heights Neighborhood Association,Association,https://example.org/ashburyheights-neighborhood,info@ashburyheightscommunity.org,"A citizen-led community organization dedicated to neighborhood connection, public safety, street greening, and local advocacy in Ashbury Heights."
Ashbury Heights,Friends of Ashbury Heights,Community Group,https://example.org/friends-of-ashburyheights,hello@friendsofashburyheights.org,"Volunteers organizing seasonal block meetups, neighborhood cleanups, and community mutual aid across Ashbury Heights."
Balboa Terrace,Balboa Terrace Neighborhood Association,Association,https://example.org/balboaterrace-neighborhood,info@balboaterracecommunity.org,"A citizen-led community organization dedicated to neighborhood connection, public safety, street greening, and local advocacy in Balboa Terrace."
Balboa Terrace,Friends of Balboa Terrace,Community Group,https://example.org/friends-of-balboaterrace,hello@friendsofbalboaterrace.org,"Volunteers organizing seasonal block meetups, neighborhood cleanups, and community mutual aid across Balboa Terrace."
Bayview,Bayview Neighborhood Association,Association,https://example.org/bayview-assoc,info@bayviewassoc.org,"A citizen-led group dedicated to preserving, protecting, and enhancing the quality of life in Bayview."
Bayview,Bayview Merchants & Business Alliance,Business Group,https://example.org/bayview-merchants,contact@bayviewmerchants.org,"Supporting local business, organizing seasonal art walks, and advocating for a clean, vibrant shopping district in Bayview."
Bernal Heights,Bernal Heights Neighborhood Association,Association,https://example.org/bernalheights-assoc,info@bernalheightsassoc.org,"A citizen-led group dedicated to preserving, protecting, and enhancing the quality of life in Bernal Heights."
Bernal Heights,Bernal Heights Merchants & Business Alliance,Business Group,https://example.org/bernalheights-merchants,contact@bernalheightsmerchants.org,"Supporting local business, organizing seasonal art walks, and advocating for a clean, vibrant shopping district in Bernal Heights."
Bernal Heights,Bernal Heights Outdoor Cinema Crew,Group,https://example.org/bernalcinema,cinema@bernalheights.org,"Organizing annual free outdoor film screenings highlighting local filmmakers and community gathering."
Bernal Heights,Bernal Heights Neighborhood Center (BHNC),Community Center,https://example.org/bhnc,info@bhnc.org,"Providing affordable housing, youth programs, and senior services to strengthen Bernal Heights community."
Bret Harte,Bret Harte Neighborhood Association,Association,https://example.org/bretharte-neighborhood,info@brethartecommunity.org,"A citizen-led community organization dedicated to neighborhood connection, public safety, street greening, and local advocacy in Bret Harte."
Bret Harte,Friends of Bret Harte,Community Group,https://example.org/friends-of-bretharte,hello@friendsofbretharte.org,"Volunteers organizing seasonal block meetups, neighborhood cleanups, and community mutual aid across Bret Harte."
Buena Vista,Buena Vista Neighborhood Association,Association,https://example.org/buenavista-neighborhood,info@buenavistacommunity.org,"A citizen-led community organization dedicated to neighborhood connection, public safety, street greening, and local advocacy in Buena Vista."
Buena Vista,Friends of Buena Vista,Community Group,https://example.org/friends-of-buenavista,hello@friendsofbuenavista.org,"Volunteers organizing seasonal block meetups, neighborhood cleanups, and community mutual aid across Buena Vista."
Candlestick Point SRA,Candlestick Point SRA Neighborhood Association,Association,https://example.org/candlestickpointsra-neighborhood,info@candlestickpointsracommunity.org,"A citizen-led community organization dedicated to neighborhood connection, public safety, street greening, and local advocacy in Candlestick Point SRA."
Candlestick Point SRA,Friends of Candlestick Point SRA,Community Group,https://example.org/friends-of-candlestickpointsra,hello@friendsofcandlestickpointsra.org,"Volunteers organizing seasonal block meetups, neighborhood cleanups, and community mutual aid across Candlestick Point SRA."
Castro,Castro Upper Market Neighborhood Association,Association,https://example.org/castrouppermarket-assoc,info@castrouppermarketassoc.org,"A citizen-led group dedicated to preserving, protecting, and enhancing the quality of life in Castro."
Castro,Castro Upper Market Merchants & Business Alliance,Business Group,https://example.org/castrouppermarket-merchants,contact@castrouppermarketmerchants.org,"Supporting local business, organizing seasonal art walks, and advocating for a clean, vibrant shopping district in Castro."
Castro,Castro LGBTQ Cultural District Committee,Cultural Alliance,https://example.org/castrodistrict,hello@castrocd.org,"Celebrating and preserving LGBTQ history, culture, and community assets in the Castro neighborhood."
Cathedral Hill,Cathedral Hill Neighborhood Association,Association,https://example.org/cathedralhill-neighborhood,info@cathedralhillcommunity.org,"A citizen-led community organization dedicated to neighborhood connection, public safety, street greening, and local advocacy in Cathedral Hill."
Cathedral Hill,Friends of Cathedral Hill,Community Group,https://example.org/friends-of-cathedralhill,hello@friendsofcathedralhill.org,"Volunteers organizing seasonal block meetups, neighborhood cleanups, and community mutual aid across Cathedral Hill."
Cayuga,Cayuga Neighborhood Association,Association,https://example.org/cayuga-neighborhood,info@cayugacommunity.org,"A citizen-led community organization dedicated to neighborhood connection, public safety, street greening, and local advocacy in Cayuga."
Cayuga,Friends of Cayuga,Community Group,https://example.org/friends-of-cayuga,hello@friendsofcayuga.org,"Volunteers organizing seasonal block meetups, neighborhood cleanups, and community mutual aid across Cayuga."
Central Waterfront,Central Waterfront Neighborhood Association,Association,https://example.org/centralwaterfront-neighborhood,info@centralwaterfrontcommunity.org,"A citizen-led community organization dedicated to neighborhood connection, public safety, street greening, and local advocacy in Central Waterfront."
Central Waterfront,Friends of Central Waterfront,Community Group,https://example.org/friends-of-centralwaterfront,hello@friendsofcentralwaterfront.org,"Volunteers organizing seasonal block meetups, neighborhood cleanups, and community mutual aid across Central Waterfront."
Chinatown,Chinatown Neighborhood Association,Association,https://example.org/chinatown-assoc,info@chinatownassoc.org,"A citizen-led group dedicated to preserving, protecting, and enhancing the quality of life in Chinatown."
Chinatown,Chinatown Merchants & Business Alliance,Business Group,https://example.org/chinatown-merchants,contact@chinatownmerchants.org,"Supporting local business, organizing seasonal art walks, and advocating for a clean, vibrant shopping district in Chinatown."
Chinatown,Chinatown Alleyway Improvement Association,Group,https://example.org/chinatownalleys,alleys@chinatownsf.org,"Revitalizing the historic alleyways of Chinatown through local murals, community seating, and street lighting projects."
Civic Center,Downtown Civic Center Neighborhood Association,Association,https://example.org/downtownciviccenter-assoc,info@downtownciviccenterassoc.org,"A citizen-led group dedicated to preserving, protecting, and enhancing the quality of life in Civic Center."
Civic Center,Downtown Civic Center Merchants & Business Alliance,Business Group,https://example.org/downtownciviccenter-merchants,contact@downtownciviccentermerchants.org,"Supporting local business, organizing seasonal art walks, and advocating for a clean, vibrant shopping district in Civic Center."
Clarendon Heights,Clarendon Heights Neighborhood Association,Association,https://example.org/clarendonheights-neighborhood,info@clarendonheightscommunity.org,"A citizen-led community organization dedicated to neighborhood connection, public safety, street greening, and local advocacy in Clarendon Heights."
Clarendon Heights,Friends of Clarendon Heights,Community Group,https://example.org/friends-of-clarendonheights,hello@friendsofclarendonheights.org,"Volunteers organizing seasonal block meetups, neighborhood cleanups, and community mutual aid across Clarendon Heights."
Cole Valley,Cole Valley Neighborhood Association,Association,https://example.org/colevalley-neighborhood,info@colevalleycommunity.org,"A citizen-led community organization dedicated to neighborhood connection, public safety, street greening, and local advocacy in Cole Valley."
Cole Valley,Friends of Cole Valley,Community Group,https://example.org/friends-of-colevalley,hello@friendsofcolevalley.org,"Volunteers organizing seasonal block meetups, neighborhood cleanups, and community mutual aid across Cole Valley."
Corona Heights,Corona Heights Neighborhood Association,Association,https://example.org/coronaheights-neighborhood,info@coronaheightscommunity.org,"A citizen-led community organization dedicated to neighborhood connection, public safety, street greening, and local advocacy in Corona Heights."
Corona Heights,Friends of Corona Heights,Community Group,https://example.org/friends-of-coronaheights,hello@friendsofcoronaheights.org,"Volunteers organizing seasonal block meetups, neighborhood cleanups, and community mutual aid across Corona Heights."
Cow Hollow,Cow Hollow Neighborhood Association,Association,https://example.org/cowhollow-neighborhood,info@cowhollowcommunity.org,"A citizen-led community organization dedicated to neighborhood connection, public safety, street greening, and local advocacy in Cow Hollow."
Cow Hollow,Friends of Cow Hollow,Community Group,https://example.org/friends-of-cowhollow,hello@friendsofcowhollow.org,"Volunteers organizing seasonal block meetups, neighborhood cleanups, and community mutual aid across Cow Hollow."
Crocker Amazon,Crocker Amazon Neighborhood Association,Association,https://example.org/crockeramazon-assoc,info@crockeramazonassoc.org,"A citizen-led group dedicated to preserving, protecting, and enhancing the quality of life in Crocker Amazon."
Crocker Amazon,Crocker Amazon Merchants & Business Alliance,Business Group,https://example.org/crockeramazon-merchants,contact@crockeramazonmerchants.org,"Supporting local business, organizing seasonal art walks, and advocating for a clean, vibrant shopping district in Crocker Amazon."
Diamond Heights,Diamond Heights Neighborhood Association,Association,https://example.org/diamondheights-assoc,info@diamondheightsassoc.org,"A citizen-led group dedicated to preserving, protecting, and enhancing the quality of life in Diamond Heights."
Diamond Heights,Diamond Heights Merchants & Business Alliance,Business Group,https://example.org/diamondheights-merchants,contact@diamondheightsmerchants.org,"Supporting local business, organizing seasonal art walks, and advocating for a clean, vibrant shopping district in Diamond Heights."
Dogpatch,Dogpatch Neighborhood Association,Association,https://example.org/dogpatch-neighborhood,info@dogpatchcommunity.org,"A citizen-led community organization dedicated to neighborhood connection, public safety, street greening, and local advocacy in Dogpatch."
Dogpatch,Friends of Dogpatch,Community Group,https://example.org/friends-of-dogpatch,hello@friendsofdogpatch.org,"Volunteers organizing seasonal block meetups, neighborhood cleanups, and community mutual aid across Dogpatch."
Dolores Heights,Dolores Heights Neighborhood Association,Association,https://example.org/doloresheights-neighborhood,info@doloresheightscommunity.org,"A citizen-led community organization dedicated to neighborhood connection, public safety, street greening, and local advocacy in Dolores Heights."
Dolores Heights,Friends of Dolores Heights,Community Group,https://example.org/friends-of-doloresheights,hello@friendsofdoloresheights.org,"Volunteers organizing seasonal block meetups, neighborhood cleanups, and community mutual aid across Dolores Heights."
Downtown / Union Square,Downtown Civic Center Neighborhood Association,Association,https://example.org/downtownciviccenter-assoc,info@downtownciviccenterassoc.org,"A citizen-led group dedicated to preserving, protecting, and enhancing the quality of life in Downtown / Union Square."
Downtown / Union Square,Downtown Civic Center Merchants & Business Alliance,Business Group,https://example.org/downtownciviccenter-merchants,contact@downtownciviccentermerchants.org,"Supporting local business, organizing seasonal art walks, and advocating for a clean, vibrant shopping district in Downtown / Union Square."
Duboce Triangle,Duboce Triangle Neighborhood Association,Association,https://example.org/dubocetriangle-neighborhood,info@dubocetrianglecommunity.org,"A citizen-led community organization dedicated to neighborhood connection, public safety, street greening, and local advocacy in Duboce Triangle."
Duboce Triangle,Friends of Duboce Triangle,Community Group,https://example.org/friends-of-dubocetriangle,hello@friendsofdubocetriangle.org,"Volunteers organizing seasonal block meetups, neighborhood cleanups, and community mutual aid across Duboce Triangle."
Eureka Valley,Eureka Valley Neighborhood Association,Association,https://example.org/eurekavalley-neighborhood,info@eurekavalleycommunity.org,"A citizen-led community organization dedicated to neighborhood connection, public safety, street greening, and local advocacy in Eureka Valley."
Eureka Valley,Friends of Eureka Valley,Community Group,https://example.org/friends-of-eurekavalley,hello@friendsofeurekavalley.org,"Volunteers organizing seasonal block meetups, neighborhood cleanups, and community mutual aid across Eureka Valley."
Excelsior,Excelsior Neighborhood Association,Association,https://example.org/excelsior-assoc,info@excelsiorassoc.org,"A citizen-led group dedicated to preserving, protecting, and enhancing the quality of life in Excelsior."
Excelsior,Excelsior Merchants & Business Alliance,Business Group,https://example.org/excelsior-merchants,contact@excelsiormerchants.org,"Supporting local business, organizing seasonal art walks, and advocating for a clean, vibrant shopping district in Excelsior."
Fairmount,Fairmount Neighborhood Association,Association,https://example.org/fairmount-neighborhood,info@fairmountcommunity.org,"A citizen-led community organization dedicated to neighborhood connection, public safety, street greening, and local advocacy in Fairmount."
Fairmount,Friends of Fairmount,Community Group,https://example.org/friends-of-fairmount,hello@friendsoffairmount.org,"Volunteers organizing seasonal block meetups, neighborhood cleanups, and community mutual aid across Fairmount."
Financial District,Financial District Neighborhood Association,Association,https://example.org/financialdistrict-assoc,info@financialdistrictassoc.org,"A citizen-led group dedicated to preserving, protecting, and enhancing the quality of life in Financial District."
Financial District,Financial District Merchants & Business Alliance,Business Group,https://example.org/financialdistrict-merchants,contact@financialdistrictmerchants.org,"Supporting local business, organizing seasonal art walks, and advocating for a clean, vibrant shopping district in Financial District."
Fishermans Wharf,Fishermans Wharf Neighborhood Association,Association,https://example.org/fishermanswharf-neighborhood,info@fishermanswharfcommunity.org,"A citizen-led community organization dedicated to neighborhood connection, public safety, street greening, and local advocacy in Fishermans Wharf."
Fishermans Wharf,Friends of Fishermans Wharf,Community Group,https://example.org/friends-of-fishermanswharf,hello@friendsoffishermanswharf.org,"Volunteers organizing seasonal block meetups, neighborhood cleanups, and community mutual aid across Fishermans Wharf."
Forest Hill,Forest Hill Neighborhood Association,Association,https://example.org/foresthill-neighborhood,info@foresthillcommunity.org,"A citizen-led community organization dedicated to neighborhood connection, public safety, street greening, and local advocacy in Forest Hill."
Forest Hill,Friends of Forest Hill,Community Group,https://example.org/friends-of-foresthill,hello@friendsofforesthill.org,"Volunteers organizing seasonal block meetups, neighborhood cleanups, and community mutual aid across Forest Hill."
Forest Knolls,Forest Knolls Neighborhood Association,Association,https://example.org/forestknolls-neighborhood,info@forestknollscommunity.org,"A citizen-led community organization dedicated to neighborhood connection, public safety, street greening, and local advocacy in Forest Knolls."
Forest Knolls,Friends of Forest Knolls,Community Group,https://example.org/friends-of-forestknolls,hello@friendsofforestknolls.org,"Volunteers organizing seasonal block meetups, neighborhood cleanups, and community mutual aid across Forest Knolls."
Glen Park,Glen Park Neighborhood Association,Association,https://example.org/glenpark-assoc,info@glenparkassoc.org,"A citizen-led group dedicated to preserving, protecting, and enhancing the quality of life in Glen Park."
Glen Park,Glen Park Merchants & Business Alliance,Business Group,https://example.org/glenpark-merchants,contact@glenparkmerchants.org,"Supporting local business, organizing seasonal art walks, and advocating for a clean, vibrant shopping district in Glen Park."
Golden Gate Heights,Golden Gate Heights Neighborhood Association,Association,https://example.org/goldengateheights-neighborhood,info@goldengateheightscommunity.org,"A citizen-led community organization dedicated to neighborhood connection, public safety, street greening, and local advocacy in Golden Gate Heights."
Golden Gate Heights,Friends of Golden Gate Heights,Community Group,https://example.org/friends-of-goldengateheights,hello@friendsofgoldengateheights.org,"Volunteers organizing seasonal block meetups, neighborhood cleanups, and community mutual aid across Golden Gate Heights."
Golden Gate Park,Golden Gate Park Neighborhood Association,Association,https://example.org/goldengatepark-assoc,info@goldengateparkassoc.org,"A citizen-led group dedicated to preserving, protecting, and enhancing the quality of life in Golden Gate Park."
Golden Gate Park,Golden Gate Park Merchants & Business Alliance,Business Group,https://example.org/goldengatepark-merchants,contact@goldengateparkmerchants.org,"Supporting local business, organizing seasonal art walks, and advocating for a clean, vibrant shopping district in Golden Gate Park."
Haight Ashbury,Haight Ashbury Neighborhood Association,Association,https://example.org/haightashbury-assoc,info@haightashburyassoc.org,"A citizen-led group dedicated to preserving, protecting, and enhancing the quality of life in Haight Ashbury."
Haight Ashbury,Haight Ashbury Merchants & Business Alliance,Business Group,https://example.org/haightashbury-merchants,contact@haightashburymerchants.org,"Supporting local business, organizing seasonal art walks, and advocating for a clean, vibrant shopping district in Haight Ashbury."
Haight Ashbury,Haight Ashbury Neighborhood Council (HANC),Council,https://example.org/hanc,board@hanc-sf.org,"One of SF's oldest neighborhood advocacy groups, focused on environmental sustainability, social justice, and local community voices."
Hayes Valley,Hayes Valley Neighborhood Association,Association,https://example.org/hayesvalley-neighborhood,info@hayesvalleycommunity.org,"A citizen-led community organization dedicated to neighborhood connection, public safety, street greening, and local advocacy in Hayes Valley."
Hayes Valley,Friends of Hayes Valley,Community Group,https://example.org/friends-of-hayesvalley,hello@friendsofhayesvalley.org,"Volunteers organizing seasonal block meetups, neighborhood cleanups, and community mutual aid across Hayes Valley."
Holly Park,Holly Park Neighborhood Association,Association,https://example.org/hollypark-neighborhood,info@hollyparkcommunity.org,"A citizen-led community organization dedicated to neighborhood connection, public safety, street greening, and local advocacy in Holly Park."
Holly Park,Friends of Holly Park,Community Group,https://example.org/friends-of-hollypark,hello@friendsofhollypark.org,"Volunteers organizing seasonal block meetups, neighborhood cleanups, and community mutual aid across Holly Park."
Hunters Point,Hunters Point Neighborhood Association,Association,https://example.org/hunterspoint-neighborhood,info@hunterspointcommunity.org,"A citizen-led community organization dedicated to neighborhood connection, public safety, street greening, and local advocacy in Hunters Point."
Hunters Point,Friends of Hunters Point,Community Group,https://example.org/friends-of-hunterspoint,hello@friendsofhunterspoint.org,"Volunteers organizing seasonal block meetups, neighborhood cleanups, and community mutual aid across Hunters Point."
India Basin,India Basin Neighborhood Association,Association,https://example.org/indiabasin-neighborhood,info@indiabasincommunity.org,"A citizen-led community organization dedicated to neighborhood connection, public safety, street greening, and local advocacy in India Basin."
India Basin,Friends of India Basin,Community Group,https://example.org/friends-of-indiabasin,hello@friendsofindiabasin.org,"Volunteers organizing seasonal block meetups, neighborhood cleanups, and community mutual aid across India Basin."
Ingleside,Ingleside Neighborhood Association,Association,https://example.org/ingleside-neighborhood,info@inglesidecommunity.org,"A citizen-led community organization dedicated to neighborhood connection, public safety, street greening, and local advocacy in Ingleside."
Ingleside,Friends of Ingleside,Community Group,https://example.org/friends-of-ingleside,hello@friendsofingleside.org,"Volunteers organizing seasonal block meetups, neighborhood cleanups, and community mutual aid across Ingleside."
Ingleside Terraces,Ingleside Terraces Neighborhood Association,Association,https://example.org/inglesideterraces-neighborhood,info@inglesideterracescommunity.org,"A citizen-led community organization dedicated to neighborhood connection, public safety, street greening, and local advocacy in Ingleside Terraces."
Ingleside Terraces,Friends of Ingleside Terraces,Community Group,https://example.org/friends-of-inglesideterraces,hello@friendsofinglesideterraces.org,"Volunteers organizing seasonal block meetups, neighborhood cleanups, and community mutual aid across Ingleside Terraces."
Inner Richmond,Inner Richmond Neighborhood Association,Association,https://example.org/innerrichmond-assoc,info@innerrichmondassoc.org,"A citizen-led group dedicated to preserving, protecting, and enhancing the quality of life in Inner Richmond."
Inner Richmond,Inner Richmond Merchants & Business Alliance,Business Group,https://example.org/innerrichmond-merchants,contact@innerrichmondmerchants.org,"Supporting local business, organizing seasonal art walks, and advocating for a clean, vibrant shopping district in Inner Richmond."
Inner Sunset,Inner Sunset Neighborhood Association,Association,https://example.org/innersunset-assoc,info@innersunsetassoc.org,"A citizen-led group dedicated to preserving, protecting, and enhancing the quality of life in Inner Sunset."
Inner Sunset,Inner Sunset Merchants & Business Alliance,Business Group,https://example.org/innersunset-merchants,contact@innersunsetmerchants.org,"Supporting local business, organizing seasonal art walks, and advocating for a clean, vibrant shopping district in Inner Sunset."
Japantown,Japantown Neighborhood Association,Association,https://example.org/japantown-neighborhood,info@japantowncommunity.org,"A citizen-led community organization dedicated to neighborhood connection, public safety, street greening, and local advocacy in Japantown."
Japantown,Friends of Japantown,Community Group,https://example.org/friends-of-japantown,hello@friendsofjapantown.org,"Volunteers organizing seasonal block meetups, neighborhood cleanups, and community mutual aid across Japantown."
Laguna Honda,Laguna Honda Neighborhood Association,Association,https://example.org/lagunahonda-neighborhood,info@lagunahondacommunity.org,"A citizen-led community organization dedicated to neighborhood connection, public safety, street greening, and local advocacy in Laguna Honda."
Laguna Honda,Friends of Laguna Honda,Community Group,https://example.org/friends-of-lagunahonda,hello@friendsoflagunahonda.org,"Volunteers organizing seasonal block meetups, neighborhood cleanups, and community mutual aid across Laguna Honda."
Lake Street,Lake Street Neighborhood Association,Association,https://example.org/lakestreet-neighborhood,info@lakestreetcommunity.org,"A citizen-led community organization dedicated to neighborhood connection, public safety, street greening, and local advocacy in Lake Street."
Lake Street,Friends of Lake Street,Community Group,https://example.org/friends-of-lakestreet,hello@friendsoflakestreet.org,"Volunteers organizing seasonal block meetups, neighborhood cleanups, and community mutual aid across Lake Street."
Lakeshore,Lakeshore Neighborhood Association,Association,https://example.org/lakeshore-assoc,info@lakeshoreassoc.org,"A citizen-led group dedicated to preserving, protecting, and enhancing the quality of life in Lakeshore."
Lakeshore,Lakeshore Merchants & Business Alliance,Business Group,https://example.org/lakeshore-merchants,contact@lakeshoremerchants.org,"Supporting local business, organizing seasonal art walks, and advocating for a clean, vibrant shopping district in Lakeshore."
Laurel Heights / Jordan Park,Laurel Heights / Jordan Park Neighborhood Association,Association,https://example.org/laurelheightsjordanpark-neighborhood,info@laurelheightsjordanparkcommunity.org,"A citizen-led community organization dedicated to neighborhood connection, public safety, street greening, and local advocacy in Laurel Heights / Jordan Park."
Laurel Heights / Jordan Park,Friends of Laurel Heights / Jordan Park,Community Group,https://example.org/friends-of-laurelheightsjordanpark,hello@friendsoflaurelheightsjordanpark.org,"Volunteers organizing seasonal block meetups, neighborhood cleanups, and community mutual aid across Laurel Heights / Jordan Park."
Lincoln Park / Ft. Miley,Lincoln Park / Ft. Miley Neighborhood Association,Association,https://example.org/lincolnparkftmiley-neighborhood,info@lincolnparkftmileycommunity.org,"A citizen-led community organization dedicated to neighborhood connection, public safety, street greening, and local advocacy in Lincoln Park / Ft. Miley."
Lincoln Park / Ft. Miley,Friends of Lincoln Park / Ft. Miley,Community Group,https://example.org/friends-of-lincolnparkftmiley,hello@friendsoflincolnparkftmiley.org,"Volunteers organizing seasonal block meetups, neighborhood cleanups, and community mutual aid across Lincoln Park / Ft. Miley."
Little Hollywood,Little Hollywood Neighborhood Association,Association,https://example.org/littlehollywood-neighborhood,info@littlehollywoodcommunity.org,"A citizen-led community organization dedicated to neighborhood connection, public safety, street greening, and local advocacy in Little Hollywood."
Little Hollywood,Friends of Little Hollywood,Community Group,https://example.org/friends-of-littlehollywood,hello@friendsoflittlehollywood.org,"Volunteers organizing seasonal block meetups, neighborhood cleanups, and community mutual aid across Little Hollywood."
Lone Mountain,Lone Mountain Neighborhood Association,Association,https://example.org/lonemountain-neighborhood,info@lonemountaincommunity.org,"A citizen-led community organization dedicated to neighborhood connection, public safety, street greening, and local advocacy in Lone Mountain."
Lone Mountain,Friends of Lone Mountain,Community Group,https://example.org/friends-of-lonemountain,hello@friendsoflonemountain.org,"Volunteers organizing seasonal block meetups, neighborhood cleanups, and community mutual aid across Lone Mountain."
Lower Haight,Lower Haight Neighborhood Association,Association,https://example.org/lowerhaight-neighborhood,info@lowerhaightcommunity.org,"A citizen-led community organization dedicated to neighborhood connection, public safety, street greening, and local advocacy in Lower Haight."
Lower Haight,Friends of Lower Haight,Community Group,https://example.org/friends-of-lowerhaight,hello@friendsoflowerhaight.org,"Volunteers organizing seasonal block meetups, neighborhood cleanups, and community mutual aid across Lower Haight."
Lower Nob Hill,Lower Nob Hill Neighborhood Association,Association,https://example.org/lowernobhill-neighborhood,info@lowernobhillcommunity.org,"A citizen-led community organization dedicated to neighborhood connection, public safety, street greening, and local advocacy in Lower Nob Hill."
Lower Nob Hill,Friends of Lower Nob Hill,Community Group,https://example.org/friends-of-lowernobhill,hello@friendsoflowernobhill.org,"Volunteers organizing seasonal block meetups, neighborhood cleanups, and community mutual aid across Lower Nob Hill."
Lower Pacific Heights,Lower Pacific Heights Neighborhood Association,Association,https://example.org/lowerpacificheights-neighborhood,info@lowerpacificheightscommunity.org,"A citizen-led community organization dedicated to neighborhood connection, public safety, street greening, and local advocacy in Lower Pacific Heights."
Lower Pacific Heights,Friends of Lower Pacific Heights,Community Group,https://example.org/friends-of-lowerpacificheights,hello@friendsoflowerpacificheights.org,"Volunteers organizing seasonal block meetups, neighborhood cleanups, and community mutual aid across Lower Pacific Heights."
Marina,Marina Neighborhood Association,Association,https://example.org/marina-assoc,info@marinaassoc.org,"A citizen-led group dedicated to preserving, protecting, and enhancing the quality of life in Marina."
Marina,Marina Merchants & Business Alliance,Business Group,https://example.org/marina-merchants,contact@marinamerchants.org,"Supporting local business, organizing seasonal art walks, and advocating for a clean, vibrant shopping district in Marina."
McLaren Park,McLaren Park Neighborhood Association,Association,https://example.org/mclarenpark-neighborhood,info@mclarenparkcommunity.org,"A citizen-led community organization dedicated to neighborhood connection, public safety, street greening, and local advocacy in McLaren Park."
McLaren Park,Friends of McLaren Park,Community Group,https://example.org/friends-of-mclarenpark,hello@friendsofmclarenpark.org,"Volunteers organizing seasonal block meetups, neighborhood cleanups, and community mutual aid across McLaren Park."
Merced Heights,Merced Heights Neighborhood Association,Association,https://example.org/mercedheights-neighborhood,info@mercedheightscommunity.org,"A citizen-led community organization dedicated to neighborhood connection, public safety, street greening, and local advocacy in Merced Heights."
Merced Heights,Friends of Merced Heights,Community Group,https://example.org/friends-of-mercedheights,hello@friendsofmercedheights.org,"Volunteers organizing seasonal block meetups, neighborhood cleanups, and community mutual aid across Merced Heights."
Merced Manor,Merced Manor Neighborhood Association,Association,https://example.org/mercedmanor-neighborhood,info@mercedmanorcommunity.org,"A citizen-led community organization dedicated to neighborhood connection, public safety, street greening, and local advocacy in Merced Manor."
Merced Manor,Friends of Merced Manor,Community Group,https://example.org/friends-of-mercedmanor,hello@friendsofmercedmanor.org,"Volunteers organizing seasonal block meetups, neighborhood cleanups, and community mutual aid across Merced Manor."
Midtown Terrace,Midtown Terrace Neighborhood Association,Association,https://example.org/midtownterrace-neighborhood,info@midtownterracecommunity.org,"A citizen-led community organization dedicated to neighborhood connection, public safety, street greening, and local advocacy in Midtown Terrace."
Midtown Terrace,Friends of Midtown Terrace,Community Group,https://example.org/friends-of-midtownterrace,hello@friendsofmidtownterrace.org,"Volunteers organizing seasonal block meetups, neighborhood cleanups, and community mutual aid across Midtown Terrace."
Mint Hill,Mint Hill Neighborhood Association,Association,https://example.org/minthill-neighborhood,info@minthillcommunity.org,"A citizen-led community organization dedicated to neighborhood connection, public safety, street greening, and local advocacy in Mint Hill."
Mint Hill,Friends of Mint Hill,Community Group,https://example.org/friends-of-minthill,hello@friendsofminthill.org,"Volunteers organizing seasonal block meetups, neighborhood cleanups, and community mutual aid across Mint Hill."
Miraloma Park,Miraloma Park Neighborhood Association,Association,https://example.org/miralomapark-neighborhood,info@miralomaparkcommunity.org,"A citizen-led community organization dedicated to neighborhood connection, public safety, street greening, and local advocacy in Miraloma Park."
Miraloma Park,Friends of Miraloma Park,Community Group,https://example.org/friends-of-miralomapark,hello@friendsofmiralomapark.org,"Volunteers organizing seasonal block meetups, neighborhood cleanups, and community mutual aid across Miraloma Park."
Mission,Mission Neighborhood Association,Association,https://example.org/mission-assoc,info@missionassoc.org,"A citizen-led group dedicated to preserving, protecting, and enhancing the quality of life in Mission."
Mission,Mission Merchants & Business Alliance,Business Group,https://example.org/mission-merchants,contact@missionmerchants.org,"Supporting local business, organizing seasonal art walks, and advocating for a clean, vibrant shopping district in Mission."
Mission,Mission District Community Gardeners,Group,https://example.org/mission-gardens,gardens@missioncommunity.org,"Organizing volunteer cleanups and planting days in the shared community gardens of the Mission."
Mission,Calle 24 Latino Cultural District,Cultural Alliance,https://example.org/calle24,info@calle24sf.org,"Preserving the Latino cultural heritage and local businesses along the 24th Street corridor."
Mission Bay,Mission Bay Neighborhood Association,Association,https://example.org/missionbay-neighborhood,info@missionbaycommunity.org,"A citizen-led community organization dedicated to neighborhood connection, public safety, street greening, and local advocacy in Mission Bay."
Mission Bay,Friends of Mission Bay,Community Group,https://example.org/friends-of-missionbay,hello@friendsofmissionbay.org,"Volunteers organizing seasonal block meetups, neighborhood cleanups, and community mutual aid across Mission Bay."
Mission Dolores,Mission Dolores Neighborhood Association,Association,https://example.org/missiondolores-neighborhood,info@missiondolorescommunity.org,"A citizen-led community organization dedicated to neighborhood connection, public safety, street greening, and local advocacy in Mission Dolores."
Mission Dolores,Friends of Mission Dolores,Community Group,https://example.org/friends-of-missiondolores,hello@friendsofmissiondolores.org,"Volunteers organizing seasonal block meetups, neighborhood cleanups, and community mutual aid across Mission Dolores."
Mission Terrace,Mission Terrace Neighborhood Association,Association,https://example.org/missionterrace-neighborhood,info@missionterracecommunity.org,"A citizen-led community organization dedicated to neighborhood connection, public safety, street greening, and local advocacy in Mission Terrace."
Mission Terrace,Friends of Mission Terrace,Community Group,https://example.org/friends-of-missionterrace,hello@friendsofmissionterrace.org,"Volunteers organizing seasonal block meetups, neighborhood cleanups, and community mutual aid across Mission Terrace."
Monterey Heights,Monterey Heights Neighborhood Association,Association,https://example.org/montereyheights-neighborhood,info@montereyheightscommunity.org,"A citizen-led community organization dedicated to neighborhood connection, public safety, street greening, and local advocacy in Monterey Heights."
Monterey Heights,Friends of Monterey Heights,Community Group,https://example.org/friends-of-montereyheights,hello@friendsofmontereyheights.org,"Volunteers organizing seasonal block meetups, neighborhood cleanups, and community mutual aid across Monterey Heights."
Mt. Davidson Manor,Mt. Davidson Manor Neighborhood Association,Association,https://example.org/mtdavidsonmanor-neighborhood,info@mtdavidsonmanorcommunity.org,"A citizen-led community organization dedicated to neighborhood connection, public safety, street greening, and local advocacy in Mt. Davidson Manor."
Mt. Davidson Manor,Friends of Mt. Davidson Manor,Community Group,https://example.org/friends-of-mtdavidsonmanor,hello@friendsofmtdavidsonmanor.org,"Volunteers organizing seasonal block meetups, neighborhood cleanups, and community mutual aid across Mt. Davidson Manor."
Nob Hill,Nob Hill Neighborhood Association,Association,https://example.org/nobhill-assoc,info@nobhillassoc.org,"A citizen-led group dedicated to preserving, protecting, and enhancing the quality of life in Nob Hill."
Nob Hill,Nob Hill Merchants & Business Alliance,Business Group,https://example.org/nobhill-merchants,contact@nobhillmerchants.org,"Supporting local business, organizing seasonal art walks, and advocating for a clean, vibrant shopping district in Nob Hill."
Noe Valley,Noe Valley Neighborhood Association,Association,https://example.org/noevalley-assoc,info@noevalleyassoc.org,"A citizen-led group dedicated to preserving, protecting, and enhancing the quality of life in Noe Valley."
Noe Valley,Noe Valley Merchants & Business Alliance,Business Group,https://example.org/noevalley-merchants,contact@noevalleymerchants.org,"Supporting local business, organizing seasonal art walks, and advocating for a clean, vibrant shopping district in Noe Valley."
North Beach,North Beach Neighborhood Association,Association,https://example.org/northbeach-assoc,info@northbeachassoc.org,"A citizen-led group dedicated to preserving, protecting, and enhancing the quality of life in North Beach."
North Beach,North Beach Merchants & Business Alliance,Business Group,https://example.org/northbeach-merchants,contact@northbeachmerchants.org,"Supporting local business, organizing seasonal art walks, and advocating for a clean, vibrant shopping district in North Beach."
Northern Waterfront,Northern Waterfront Neighborhood Association,Association,https://example.org/northernwaterfront-neighborhood,info@northernwaterfrontcommunity.org,"A citizen-led community organization dedicated to neighborhood connection, public safety, street greening, and local advocacy in Northern Waterfront."
Northern Waterfront,Friends of Northern Waterfront,Community Group,https://example.org/friends-of-northernwaterfront,hello@friendsofnorthernwaterfront.org,"Volunteers organizing seasonal block meetups, neighborhood cleanups, and community mutual aid across Northern Waterfront."
Oceanview,Oceanview Neighborhood Association,Association,https://example.org/oceanview-assoc,info@oceanviewassoc.org,"A citizen-led group dedicated to preserving, protecting, and enhancing the quality of life in Oceanview."
Oceanview,Oceanview Merchants & Business Alliance,Business Group,https://example.org/oceanview-merchants,contact@oceanviewmerchants.org,"Supporting local business, organizing seasonal art walks, and advocating for a clean, vibrant shopping district in Oceanview."
Outer Mission,Outer Mission Neighborhood Association,Association,https://example.org/outermission-assoc,info@outermissionassoc.org,"A citizen-led group dedicated to preserving, protecting, and enhancing the quality of life in Outer Mission."
Outer Mission,Outer Mission Merchants & Business Alliance,Business Group,https://example.org/outermission-merchants,contact@outermissionmerchants.org,"Supporting local business, organizing seasonal art walks, and advocating for a clean, vibrant shopping district in Outer Mission."
Outer Richmond,Outer Richmond Neighborhood Association,Association,https://example.org/outerrichmond-assoc,info@outerrichmondassoc.org,"A citizen-led group dedicated to preserving, protecting, and enhancing the quality of life in Outer Richmond."
Outer Richmond,Outer Richmond Merchants & Business Alliance,Business Group,https://example.org/outerrichmond-merchants,contact@outerrichmondmerchants.org,"Supporting local business, organizing seasonal art walks, and advocating for a clean, vibrant shopping district in Outer Richmond."
Outer Sunset,Outer Sunset Neighborhood Association,Association,https://example.org/outersunset-assoc,info@outersunsetassoc.org,"A citizen-led group dedicated to preserving, protecting, and enhancing the quality of life in Outer Sunset."
Outer Sunset,Outer Sunset Merchants & Business Alliance,Business Group,https://example.org/outersunset-merchants,contact@outersunsetmerchants.org,"Supporting local business, organizing seasonal art walks, and advocating for a clean, vibrant shopping district in Outer Sunset."
Pacific Heights,Pacific Heights Neighborhood Association,Association,https://example.org/pacificheights-assoc,info@pacificheightsassoc.org,"A citizen-led group dedicated to preserving, protecting, and enhancing the quality of life in Pacific Heights."
Pacific Heights,Pacific Heights Merchants & Business Alliance,Business Group,https://example.org/pacificheights-merchants,contact@pacificheightsmerchants.org,"Supporting local business, organizing seasonal art walks, and advocating for a clean, vibrant shopping district in Pacific Heights."
Panhandle,Panhandle Neighborhood Association,Association,https://example.org/panhandle-neighborhood,info@panhandlecommunity.org,"A citizen-led community organization dedicated to neighborhood connection, public safety, street greening, and local advocacy in Panhandle."
Panhandle,Friends of Panhandle,Community Group,https://example.org/friends-of-panhandle,hello@friendsofpanhandle.org,"Volunteers organizing seasonal block meetups, neighborhood cleanups, and community mutual aid across Panhandle."
Parkmerced,Parkmerced Neighborhood Association,Association,https://example.org/parkmerced-neighborhood,info@parkmercedcommunity.org,"A citizen-led community organization dedicated to neighborhood connection, public safety, street greening, and local advocacy in Parkmerced."
Parkmerced,Friends of Parkmerced,Community Group,https://example.org/friends-of-parkmerced,hello@friendsofparkmerced.org,"Volunteers organizing seasonal block meetups, neighborhood cleanups, and community mutual aid across Parkmerced."
Parkside,Parkside Neighborhood Association,Association,https://example.org/parkside-assoc,info@parksideassoc.org,"A citizen-led group dedicated to preserving, protecting, and enhancing the quality of life in Parkside."
Parkside,Parkside Merchants & Business Alliance,Business Group,https://example.org/parkside-merchants,contact@parksidemerchants.org,"Supporting local business, organizing seasonal art walks, and advocating for a clean, vibrant shopping district in Parkside."
Parnassus Heights,Parnassus Heights Neighborhood Association,Association,https://example.org/parnassusheights-neighborhood,info@parnassusheightscommunity.org,"A citizen-led community organization dedicated to neighborhood connection, public safety, street greening, and local advocacy in Parnassus Heights."
Parnassus Heights,Friends of Parnassus Heights,Community Group,https://example.org/friends-of-parnassusheights,hello@friendsofparnassusheights.org,"Volunteers organizing seasonal block meetups, neighborhood cleanups, and community mutual aid across Parnassus Heights."
Peralta Heights,Peralta Heights Neighborhood Association,Association,https://example.org/peraltaheights-neighborhood,info@peraltaheightscommunity.org,"A citizen-led community organization dedicated to neighborhood connection, public safety, street greening, and local advocacy in Peralta Heights."
Peralta Heights,Friends of Peralta Heights,Community Group,https://example.org/friends-of-peraltaheights,hello@friendsofperaltaheights.org,"Volunteers organizing seasonal block meetups, neighborhood cleanups, and community mutual aid across Peralta Heights."
Polk Gulch,Polk Gulch Neighborhood Association,Association,https://example.org/polkgulch-neighborhood,info@polkgulchcommunity.org,"A citizen-led community organization dedicated to neighborhood connection, public safety, street greening, and local advocacy in Polk Gulch."
Polk Gulch,Friends of Polk Gulch,Community Group,https://example.org/friends-of-polkgulch,hello@friendsofpolkgulch.org,"Volunteers organizing seasonal block meetups, neighborhood cleanups, and community mutual aid across Polk Gulch."
Portola,Portola Neighborhood Association,Association,https://example.org/portola-neighborhood,info@portolacommunity.org,"A citizen-led community organization dedicated to neighborhood connection, public safety, street greening, and local advocacy in Portola."
Portola,Friends of Portola,Community Group,https://example.org/friends-of-portola,hello@friendsofportola.org,"Volunteers organizing seasonal block meetups, neighborhood cleanups, and community mutual aid across Portola."
Potrero Hill,Potrero Hill Neighborhood Association,Association,https://example.org/potrerohill-assoc,info@potrerohillassoc.org,"A citizen-led group dedicated to preserving, protecting, and enhancing the quality of life in Potrero Hill."
Potrero Hill,Potrero Hill Merchants & Business Alliance,Business Group,https://example.org/potrerohill-merchants,contact@potrerohillmerchants.org,"Supporting local business, organizing seasonal art walks, and advocating for a clean, vibrant shopping district in Potrero Hill."
Presidio Heights,Presidio Heights Neighborhood Association,Association,https://example.org/presidioheights-assoc,info@presidioheightsassoc.org,"A citizen-led group dedicated to preserving, protecting, and enhancing the quality of life in Presidio Heights."
Presidio Heights,Presidio Heights Merchants & Business Alliance,Business Group,https://example.org/presidioheights-merchants,contact@presidioheightsmerchants.org,"Supporting local business, organizing seasonal art walks, and advocating for a clean, vibrant shopping district in Presidio Heights."
Presidio National Park,Presidio National Park Neighborhood Association,Association,https://example.org/presidio-assoc,info@presidioassoc.org,"A citizen-led group dedicated to preserving, protecting, and enhancing the quality of life in Presidio National Park."
Presidio National Park,Presidio National Park Merchants & Business Alliance,Business Group,https://example.org/presidio-merchants,contact@presidiomerchants.org,"Supporting local business, organizing seasonal art walks, and advocating for a clean, vibrant shopping district in Presidio National Park."
Presidio Terrace,Presidio Terrace Neighborhood Association,Association,https://example.org/presidio-assoc,info@presidioassoc.org,"A citizen-led group dedicated to preserving, protecting, and enhancing the quality of life in Presidio Terrace."
Presidio Terrace,Presidio Terrace Merchants & Business Alliance,Business Group,https://example.org/presidio-merchants,contact@presidiomerchants.org,"Supporting local business, organizing seasonal art walks, and advocating for a clean, vibrant shopping district in Presidio Terrace."
Produce Market,Produce Market Neighborhood Association,Association,https://example.org/producemarket-neighborhood,info@producemarketcommunity.org,"A citizen-led community organization dedicated to neighborhood connection, public safety, street greening, and local advocacy in Produce Market."
Produce Market,Friends of Produce Market,Community Group,https://example.org/friends-of-producemarket,hello@friendsofproducemarket.org,"Volunteers organizing seasonal block meetups, neighborhood cleanups, and community mutual aid across Produce Market."
Rincon Hill,Rincon Hill Neighborhood Association,Association,https://example.org/rinconhill-neighborhood,info@rinconhillcommunity.org,"A citizen-led community organization dedicated to neighborhood connection, public safety, street greening, and local advocacy in Rincon Hill."
Rincon Hill,Friends of Rincon Hill,Community Group,https://example.org/friends-of-rinconhill,hello@friendsofrinconhill.org,"Volunteers organizing seasonal block meetups, neighborhood cleanups, and community mutual aid across Rincon Hill."
Russian Hill,Russian Hill Neighborhood Association,Association,https://example.org/russianhill-assoc,info@russianhillassoc.org,"A citizen-led group dedicated to preserving, protecting, and enhancing the quality of life in Russian Hill."
Russian Hill,Russian Hill Merchants & Business Alliance,Business Group,https://example.org/russianhill-merchants,contact@russianhillmerchants.org,"Supporting local business, organizing seasonal art walks, and advocating for a clean, vibrant shopping district in Russian Hill."
Seacliff,Seacliff Neighborhood Association,Association,https://example.org/seacliff-assoc,info@seacliffassoc.org,"A citizen-led group dedicated to preserving, protecting, and enhancing the quality of life in Seacliff."
Seacliff,Seacliff Merchants & Business Alliance,Business Group,https://example.org/seacliff-merchants,contact@seacliffmerchants.org,"Supporting local business, organizing seasonal art walks, and advocating for a clean, vibrant shopping district in Seacliff."
Sherwood Forest,Sherwood Forest Neighborhood Association,Association,https://example.org/sherwoodforest-neighborhood,info@sherwoodforestcommunity.org,"A citizen-led community organization dedicated to neighborhood connection, public safety, street greening, and local advocacy in Sherwood Forest."
Sherwood Forest,Friends of Sherwood Forest,Community Group,https://example.org/friends-of-sherwoodforest,hello@friendsofsherwoodforest.org,"Volunteers organizing seasonal block meetups, neighborhood cleanups, and community mutual aid across Sherwood Forest."
Showplace Square,Showplace Square Neighborhood Association,Association,https://example.org/showplacesquare-neighborhood,info@showplacesquarecommunity.org,"A citizen-led community organization dedicated to neighborhood connection, public safety, street greening, and local advocacy in Showplace Square."
Showplace Square,Friends of Showplace Square,Community Group,https://example.org/friends-of-showplacesquare,hello@friendsofshowplacesquare.org,"Volunteers organizing seasonal block meetups, neighborhood cleanups, and community mutual aid across Showplace Square."
Silver Terrace,Silver Terrace Neighborhood Association,Association,https://example.org/silverterrace-neighborhood,info@silverterracecommunity.org,"A citizen-led community organization dedicated to neighborhood connection, public safety, street greening, and local advocacy in Silver Terrace."
Silver Terrace,Friends of Silver Terrace,Community Group,https://example.org/friends-of-silverterrace,hello@friendsofsilverterrace.org,"Volunteers organizing seasonal block meetups, neighborhood cleanups, and community mutual aid across Silver Terrace."
South Beach,South Beach Neighborhood Association,Association,https://example.org/southbeach-neighborhood,info@southbeachcommunity.org,"A citizen-led community organization dedicated to neighborhood connection, public safety, street greening, and local advocacy in South Beach."
South Beach,Friends of South Beach,Community Group,https://example.org/friends-of-southbeach,hello@friendsofsouthbeach.org,"Volunteers organizing seasonal block meetups, neighborhood cleanups, and community mutual aid across South Beach."
South of Market,South of Market Neighborhood Association,Association,https://example.org/southofmarket-assoc,info@southofmarketassoc.org,"A citizen-led group dedicated to preserving, protecting, and enhancing the quality of life in South of Market."
South of Market,South of Market Merchants & Business Alliance,Business Group,https://example.org/southofmarket-merchants,contact@southofmarketmerchants.org,"Supporting local business, organizing seasonal art walks, and advocating for a clean, vibrant shopping district in South of Market."
St. Francis Wood,St. Francis Wood Neighborhood Association,Association,https://example.org/stfranciswood-neighborhood,info@stfranciswoodcommunity.org,"A citizen-led community organization dedicated to neighborhood connection, public safety, street greening, and local advocacy in St. Francis Wood."
St. Francis Wood,Friends of St. Francis Wood,Community Group,https://example.org/friends-of-stfranciswood,hello@friendsofstfranciswood.org,"Volunteers organizing seasonal block meetups, neighborhood cleanups, and community mutual aid across St. Francis Wood."
St. Marys Park,St. Marys Park Neighborhood Association,Association,https://example.org/stmaryspark-neighborhood,info@stmarysparkcommunity.org,"A citizen-led community organization dedicated to neighborhood connection, public safety, street greening, and local advocacy in St. Marys Park."
St. Marys Park,Friends of St. Marys Park,Community Group,https://example.org/friends-of-stmaryspark,hello@friendsofstmaryspark.org,"Volunteers organizing seasonal block meetups, neighborhood cleanups, and community mutual aid across St. Marys Park."
Stonestown,Stonestown Neighborhood Association,Association,https://example.org/stonestown-neighborhood,info@stonestowncommunity.org,"A citizen-led community organization dedicated to neighborhood connection, public safety, street greening, and local advocacy in Stonestown."
Stonestown,Friends of Stonestown,Community Group,https://example.org/friends-of-stonestown,hello@friendsofstonestown.org,"Volunteers organizing seasonal block meetups, neighborhood cleanups, and community mutual aid across Stonestown."
Sunnydale,Sunnydale Neighborhood Association,Association,https://example.org/sunnydale-neighborhood,info@sunnydalecommunity.org,"A citizen-led community organization dedicated to neighborhood connection, public safety, street greening, and local advocacy in Sunnydale."
Sunnydale,Friends of Sunnydale,Community Group,https://example.org/friends-of-sunnydale,hello@friendsofsunnydale.org,"Volunteers organizing seasonal block meetups, neighborhood cleanups, and community mutual aid across Sunnydale."
Sunnyside,Sunnyside Neighborhood Association,Association,https://example.org/sunnyside-neighborhood,info@sunnysidecommunity.org,"A citizen-led community organization dedicated to neighborhood connection, public safety, street greening, and local advocacy in Sunnyside."
Sunnyside,Friends of Sunnyside,Community Group,https://example.org/friends-of-sunnyside,hello@friendsofsunnyside.org,"Volunteers organizing seasonal block meetups, neighborhood cleanups, and community mutual aid across Sunnyside."
Sutro Heights,Sutro Heights Neighborhood Association,Association,https://example.org/sutroheights-neighborhood,info@sutroheightscommunity.org,"A citizen-led community organization dedicated to neighborhood connection, public safety, street greening, and local advocacy in Sutro Heights."
Sutro Heights,Friends of Sutro Heights,Community Group,https://example.org/friends-of-sutroheights,hello@friendsofsutroheights.org,"Volunteers organizing seasonal block meetups, neighborhood cleanups, and community mutual aid across Sutro Heights."
Telegraph Hill,Telegraph Hill Neighborhood Association,Association,https://example.org/telegraphhill-neighborhood,info@telegraphhillcommunity.org,"A citizen-led community organization dedicated to neighborhood connection, public safety, street greening, and local advocacy in Telegraph Hill."
Telegraph Hill,Friends of Telegraph Hill,Community Group,https://example.org/friends-of-telegraphhill,hello@friendsoftelegraphhill.org,"Volunteers organizing seasonal block meetups, neighborhood cleanups, and community mutual aid across Telegraph Hill."
Tenderloin,Tenderloin Neighborhood Association,Association,https://example.org/tenderloin-neighborhood,info@tenderloincommunity.org,"A citizen-led community organization dedicated to neighborhood connection, public safety, street greening, and local advocacy in Tenderloin."
Tenderloin,Friends of Tenderloin,Community Group,https://example.org/friends-of-tenderloin,hello@friendsoftenderloin.org,"Volunteers organizing seasonal block meetups, neighborhood cleanups, and community mutual aid across Tenderloin."
Treasure Island,Treasure Island YBI Neighborhood Association,Association,https://example.org/treasureislandybi-assoc,info@treasureislandybiassoc.org,"A citizen-led group dedicated to preserving, protecting, and enhancing the quality of life in Treasure Island."
Treasure Island,Treasure Island YBI Merchants & Business Alliance,Business Group,https://example.org/treasureislandybi-merchants,contact@treasureislandybimerchants.org,"Supporting local business, organizing seasonal art walks, and advocating for a clean, vibrant shopping district in Treasure Island."
Union Street,Union Street Neighborhood Association,Association,https://example.org/unionstreet-neighborhood,info@unionstreetcommunity.org,"A citizen-led community organization dedicated to neighborhood connection, public safety, street greening, and local advocacy in Union Street."
Union Street,Friends of Union Street,Community Group,https://example.org/friends-of-unionstreet,hello@friendsofunionstreet.org,"Volunteers organizing seasonal block meetups, neighborhood cleanups, and community mutual aid across Union Street."
University Mound,University Mound Neighborhood Association,Association,https://example.org/universitymound-neighborhood,info@universitymoundcommunity.org,"A citizen-led community organization dedicated to neighborhood connection, public safety, street greening, and local advocacy in University Mound."
University Mound,Friends of University Mound,Community Group,https://example.org/friends-of-universitymound,hello@friendsofuniversitymound.org,"Volunteers organizing seasonal block meetups, neighborhood cleanups, and community mutual aid across University Mound."
Upper Market,Castro Upper Market Neighborhood Association,Association,https://example.org/castrouppermarket-assoc,info@castrouppermarketassoc.org,"A citizen-led group dedicated to preserving, protecting, and enhancing the quality of life in Upper Market."
Upper Market,Castro Upper Market Merchants & Business Alliance,Business Group,https://example.org/castrouppermarket-merchants,contact@castrouppermarketmerchants.org,"Supporting local business, organizing seasonal art walks, and advocating for a clean, vibrant shopping district in Upper Market."
Upper Market,Castro LGBTQ Cultural District Committee,Cultural Alliance,https://example.org/castrodistrict,hello@castrocd.org,"Celebrating and preserving LGBTQ history, culture, and community assets in the Castro neighborhood."
Visitacion Valley,Visitacion Valley Neighborhood Association,Association,https://example.org/visitacionvalley-assoc,info@visitacionvalleyassoc.org,"A citizen-led group dedicated to preserving, protecting, and enhancing the quality of life in Visitacion Valley."
Visitacion Valley,Visitacion Valley Merchants & Business Alliance,Business Group,https://example.org/visitacionvalley-merchants,contact@visitacionvalleymerchants.org,"Supporting local business, organizing seasonal art walks, and advocating for a clean, vibrant shopping district in Visitacion Valley."
West Portal,West Portal Neighborhood Association,Association,https://example.org/westportal-neighborhood,info@westportalcommunity.org,"A citizen-led community organization dedicated to neighborhood connection, public safety, street greening, and local advocacy in West Portal."
West Portal,Friends of West Portal,Community Group,https://example.org/friends-of-westportal,hello@friendsofwestportal.org,"Volunteers organizing seasonal block meetups, neighborhood cleanups, and community mutual aid across West Portal."
Western Addition,Western Addition Neighborhood Association,Association,https://example.org/westernaddition-assoc,info@westernadditionassoc.org,"A citizen-led group dedicated to preserving, protecting, and enhancing the quality of life in Western Addition."
Western Addition,Western Addition Merchants & Business Alliance,Business Group,https://example.org/westernaddition-merchants,contact@westernadditionmerchants.org,"Supporting local business, organizing seasonal art walks, and advocating for a clean, vibrant shopping district in Western Addition."
Westwood Highlands,Westwood Highlands Neighborhood Association,Association,https://example.org/westwoodhighlands-neighborhood,info@westwoodhighlandscommunity.org,"A citizen-led community organization dedicated to neighborhood connection, public safety, street greening, and local advocacy in Westwood Highlands."
Westwood Highlands,Friends of Westwood Highlands,Community Group,https://example.org/friends-of-westwoodhighlands,hello@friendsofwestwoodhighlands.org,"Volunteers organizing seasonal block meetups, neighborhood cleanups, and community mutual aid across Westwood Highlands."
Westwood Park,Westwood Park Neighborhood Association,Association,https://example.org/westwoodpark-neighborhood,info@westwoodparkcommunity.org,"A citizen-led community organization dedicated to neighborhood connection, public safety, street greening, and local advocacy in Westwood Park."
Westwood Park,Friends of Westwood Park,Community Group,https://example.org/friends-of-westwoodpark,hello@friendsofwestwoodpark.org,"Volunteers organizing seasonal block meetups, neighborhood cleanups, and community mutual aid across Westwood Park."
Yerba Buena Island,Treasure Island YBI Neighborhood Association,Association,https://example.org/treasureislandybi-assoc,info@treasureislandybiassoc.org,"A citizen-led group dedicated to preserving, protecting, and enhancing the quality of life in Yerba Buena Island."
Yerba Buena Island,Treasure Island YBI Merchants & Business Alliance,Business Group,https://example.org/treasureislandybi-merchants,contact@treasureislandybimerchants.org,"Supporting local business, organizing seasonal art walks, and advocating for a clean, vibrant shopping district in Yerba Buena Island."
